Workbook

Sheet Ground Truth
A1: JD ID | B1: JD Title | C1: JD File (PDF) | D1: Resume ID | E1: Candidate | F1: Resume File (PDF) | G1: Match Level | H1: Total (100) | I1: Exp (25) | J1: Tech Skills (30) | K1: Certs (15) | L1: Edu (10) | M1: Location (10) | N1: Domain (10) | O1: GT Scoring Reason
A2: JD001 | B2: Software Engineer | C2: JD001_Software_Engineer.pdf | D2: R001 | E2: Arjun Mehta | F2: R001_Arjun_Mehta.pdf | G2: Strong | H2: 92 | I2: 25 | J2: 29 | K2: 8 | L2: 10 | M2: 10 | N2: 10 | O2: 4yr FastAPI/Python/PostgreSQL/Redis/Docker/AWS exactly matches JD. 1 cert (AWS Dev Assoc) present, CSA absent. NIT grad. Hyderabad match.
A3: JD001 | B3: Software Engineer | C3: JD001_Software_Engineer.pdf | D3: R002 | E3: Priya Nair | F3: R002_Priya_Nair.pdf | G3: Strong | H3: 82 | I3: 25 | J3: 28 | K3: 3 | L3: 10 | M3: 6 | N3: 10 | O3: 5yr Java Spring Boot + Python Django, MySQL/PostgreSQL, Kafka, Docker/AWS. No certs listed. VTU grad. Bangalore - JD is Hyderabad hybrid (open).
A4: JD001 | B4: Software Engineer | C4: JD001_Software_Engineer.pdf | D4: R003 | E4: Rohit Sharma | F4: R003_Rohit_Sharma.pdf | G4: Medium | H4: 41 | I4: 10 | J4: 14 | K4: 0 | L4: 10 | M4: 3 | N4: 4 | O4: JD requires Python/Java backend; resume is Node.js + React fullstack. MongoDB primary (not PostgreSQL/MySQL). 3yr but frontend-heavy. Mumbai vs Hyderabad, no relocation mention.
A5: JD001 | B5: Software Engineer | C5: JD001_Software_Engineer.pdf | D5: R004 | E5: Sneha Patel | F5: R004_Sneha_Patel.pdf | G5: Medium | H5: 42 | I5: 10 | J5: 15 | K5: 0 | L5: 10 | M5: 3 | N5: 4 | O5: Flask Python backend relevant but JD wants Django/FastAPI. 3.5yr but mixed fullstack. No Redis/Kafka/Docker depth. Ahmedabad vs Hyderabad.
A6: JD001 | B6: Software Engineer | C6: JD001_Software_Engineer.pdf | D6: R005 | E6: Karan Joshi | F6: R005_Karan_Joshi.pdf | G6: Weak | H6: 22 | I6: 4 | J6: 4 | K6: 0 | L6: 10 | M6: 3 | N6: 1 | O6: Android developer only. JD requires backend REST API server-side dev; resume shows Kotlin/Android SDK/Retrofit (client-side only). No Python/Java backend, no SQL at server level. Delhi vs Hyderabad.
A7: JD001 | B7: Software Engineer | C7: JD001_Software_Engineer.pdf | D7: R006 | E7: Anita Rao | F7: R006_Anita_Rao.pdf | G7: Weak | H7: 21 | I7: 0 | J7: 3 | K7: 0 | L7: 7 | M7: 10 | N7: 1 | O7: QA engineer, not a developer. JD requires building APIs; resume shows testing APIs with Postman. Python only for test scripts. Hyderabad match but completely wrong role type.
A8: JD002 | B8: AI Engineer | C8: JD002_AI_Engineer.pdf | D8: R007 | E8: Vikram Iyer | F8: R007_Vikram_Iyer.pdf | G8: Strong | H8: 93 | I8: 25 | J8: 30 | K8: 8 | L8: 10 | M8: 10 | N8: 10 | O8: 3yr RAG pipelines, LangChain, LlamaIndex, Pinecone, FAISS, QLoRA fine-tuning, MLflow, SageMaker. All required skills met. M.Tech AI IIT. Bangalore exact match.
A9: JD002 | B9: AI Engineer | C9: JD002_AI_Engineer.pdf | D9: R008 | E9: Divya Krishnan | F9: R008_Divya_Krishnan.pdf | G9: Strong | H9: 71 | I9: 18 | J9: 27 | K9: 3 | L9: 10 | M9: 3 | N9: 10 | O9: 2.5yr LLM+RAG+prompt engineering strong. GPT-4/Claude/FAISS/LangChain. No fine-tuning (LoRA) explicitly stated. No MLOps certs. Anna Univ grad. Chennai vs Bangalore on-site.
A10: JD002 | B10: AI Engineer | C10: JD002_AI_Engineer.pdf | D10: R009 | E10: Amar Singh | F10: R009_Amar_Singh.pdf | G10: Medium | H10: 39 | I10: 10 | J10: 12 | K10: 3 | L10: 7 | M10: 3 | N10: 4 | O10: JD requires LangChain/LlamaIndex/vector DBs hands-on; resume states LangChain 'learning', OpenAI 'basic'. RAG only a prototype. Traditional ML primary. Pune vs Bangalore on-site.
A11: JD002 | B11: AI Engineer | C11: JD002_AI_Engineer.pdf | D11: R010 | E11: Neha Gupta | F11: R010_Neha_Gupta.pdf | G11: Medium | H11: 47 | I11: 10 | J11: 14 | K11: 3 | L11: 10 | M11: 3 | N11: 7 | O11: Research LLM background relevant but JD is production AI. No LangChain/vector DB/RAG production experience. Fine-tuning present but academic only. M.Tech AI IIT. Delhi vs Bangalore on-site.
A12: JD002 | B12: AI Engineer | C12: JD002_AI_Engineer.pdf | D12: R011 | E12: Rajesh Babu | F12: R011_Rajesh_Babu.pdf | G12: Weak | H12: 15 | I12: 0 | J12: 0 | K12: 0 | L12: 4 | M12: 10 | N12: 1 | O12: Business analyst. Zero AI/ML engineering skills. JD requires Python, LLMs, RAG - none present. MBA only. Hyderabad matches but role is entirely wrong domain.
A13: JD002 | B13: AI Engineer | C13: JD002_AI_Engineer.pdf | D13: R012 | E13: Pooja Menon | F13: R012_Pooja_Menon.pdf | G13: Weak | H13: 10 | I13: 0 | J13: 0 | K13: 0 | L13: 7 | M13: 3 | N13: 0 | O13: UX designer. No engineering skills at all. JD requires Python, LLMs, vector DBs, MLOps - none present. B.Des NID is design degree. Kochi vs Bangalore on-site.
... A31: JD005 | B31: DevOps/Cloud Engineer | C31: JD005_DevOps___Cloud_Engineer.pdf | D31: R030 | E31: Lakshmi Priya | F31: R030_Lakshmi_Priya.pdf | G31: Weak | H31: 18 | I31: 0 | J31: 0 | K31: 3 | L31: 4 | M31: 10 | N31: 1 | O31: IT project manager. JD requires hands-on Terraform/Docker/K8s/CI-CD; resume states 'No technical hands-on'. PMP/PRINCE2 irrelevant to engineering role. MBA. Hyderabad match but wrong role entirely.

Sheet Your Results
A1: JD ID | B1: JD File (PDF) | C1: Resume ID | D1: Candidate | E1: Resume File (PDF) | F1: GT Match Level | G1: GT Total (100) | H1: Your Total Score | I1: Your Exp Score | J1: Your Tech Score | K1: Your Cert Score | L1: Your Edu Score | M1: Your Loc Score | N1: Your Domain Score | O1: Your Match Level | P1: Your Rank (per JD) | Q1: Match Correct? | R1: Score Diff | S1: Notes
A2: JD001 | B2: JD001_Software_Engineer.pdf | C2: R001 | D2: Arjun Mehta | E2: R001_Arjun_Mehta.pdf | F2: Strong | G2: 92 | Q2: =IF(O2="","",IF(O2=F2,"Y","N")) | R2: =IF(H2="","",H2-G2)
A3: JD001 | B3: JD001_Software_Engineer.pdf | C3: R002 | D3: Priya Nair | E3: R002_Priya_Nair.pdf | F3: Strong | G3: 82 | Q3: =IF(O3="","",IF(O3=F3,"Y","N")) | R3: =IF(H3="","",H3-G3)
A4: JD001 | B4: JD001_Software_Engineer.pdf | C4: R003 | D4: Rohit Sharma | E4: R003_Rohit_Sharma.pdf | F4: Medium | G4: 41 | Q4: =IF(O4="","",IF(O4=F4,"Y","N")) | R4: =IF(H4="","",H4-G4)
A5: JD001 | B5: JD001_Software_Engineer.pdf | C5: R004 | D5: Sneha Patel | E5: R004_Sneha_Patel.pdf | F5: Medium | G5: 42 | Q5: =IF(O5="","",IF(O5=F5,"Y","N")) | R5: =IF(H5="","",H5-G5)
A6: JD001 | B6: JD001_Software_Engineer.pdf | C6: R005 | D6: Karan Joshi | E6: R005_Karan_Joshi.pdf | F6: Weak | G6: 22 | Q6: =IF(O6="","",IF(O6=F6,"Y","N")) | R6: =IF(H6="","",H6-G6)
A7: JD001 | B7: JD001_Software_Engineer.pdf | C7: R006 | D7: Anita Rao | E7: R006_Anita_Rao.pdf | F7: Weak | G7: 21 | Q7: =IF(O7="","",IF(O7=F7,"Y","N")) | R7: =IF(H7="","",H7-G7)
A8: JD002 | B8: JD002_AI_Engineer.pdf | C8: R007 | D8: Vikram Iyer | E8: R007_Vikram_Iyer.pdf | F8: Strong | G8: 93 | Q8: =IF(O8="","",IF(O8=F8,"Y","N")) | R8: =IF(H8="","",H8-G8)
A9: JD002 | B9: JD002_AI_Engineer.pdf | C9: R008 | D9: Divya Krishnan | E9: R008_Divya_Krishnan.pdf | F9: Strong | G9: 71 | Q9: =IF(O9="","",IF(O9=F9,"Y","N")) | R9: =IF(H9="","",H9-G9)
A10: JD002 | B10: JD002_AI_Engineer.pdf | C10: R009 | D10: Amar Singh | E10: R009_Amar_Singh.pdf | F10: Medium | G10: 39 | Q10: =IF(O10="","",IF(O10=F10,"Y","N")) | R10: =IF(H10="","",H10-G10)
A11: JD002 | B11: JD002_AI_Engineer.pdf | C11: R010 | D11: Neha Gupta | E11: R010_Neha_Gupta.pdf | F11: Medium | G11: 47 | Q11: =IF(O11="","",IF(O11=F11,"Y","N")) | R11: =IF(H11="","",H11-G11)
A12: JD002 | B12: JD002_AI_Engineer.pdf | C12: R011 | D12: Rajesh Babu | E12: R011_Rajesh_Babu.pdf | F12: Weak | G12: 15 | Q12: =IF(O12="","",IF(O12=F12,"Y","N")) | R12: =IF(H12="","",H12-G12)
A13: JD002 | B13: JD002_AI_Engineer.pdf | C13: R012 | D13: Pooja Menon | E13: R012_Pooja_Menon.pdf | F13: Weak | G13: 10 | Q13: =IF(O13="","",IF(O13=F13,"Y","N")) | R13: =IF(H13="","",H13-G13)
... A31: JD005 | B31: JD005_DevOps___Cloud_Engineer.pdf | C31: R030 | D31: Lakshmi Priya | E31: R030_Lakshmi_Priya.pdf | F31: Weak | G31: 18 | Q31: =IF(O31="","",IF(O31=F31,"Y","N")) | R31: =IF(H31="","",H31-G31)

Sheet Summary by JD
A1: Resume Ranker — Accuracy Summary by JD
A2: JD ID | B2: JD Title | C2: Resumes | D2: Correct Match Level | E2: Precision@2 (Strongs in top 2) | F2: Avg GT Score | G2: Avg Your Score | H2: Avg Score Diff | I2: NDCG@6 (manual) | J2: Notes
A3: JD001 | B3: Software Engineer | C3: 6 | D3: =COUNTIFS('Your Results'!A$2:A$31,A3,'Your Results'!Q$2:Q$31,"Y") | E3: =COUNTIFS('Your Results'!A$2:A$31,A3,'Your Results'!F$2:F$31,"Strong",'Your Results'!P$2:P$31,"<="&2) | F3: =AVERAGEIF('Ground Truth'!A$2:A$31,A3,'Ground Truth'!H$2:H$31) | G3: =AVERAGEIFS('Your Results'!H$2:H$31,'Your Results'!A$2:A$31,A3,'Your Results'!H$2:H$31,"<>"&"") | H3: =IFERROR(G3-F3,"")
A4: JD002 | B4: AI Engineer | C4: 6 | D4: =COUNTIFS('Your Results'!A$2:A$31,A4,'Your Results'!Q$2:Q$31,"Y") | E4: =COUNTIFS('Your Results'!A$2:A$31,A4,'Your Results'!F$2:F$31,"Strong",'Your Results'!P$2:P$31,"<="&2) | F4: =AVERAGEIF('Ground Truth'!A$2:A$31,A4,'Ground Truth'!H$2:H$31) | G4: =AVERAGEIFS('Your Results'!H$2:H$31,'Your Results'!A$2:A$31,A4,'Your Results'!H$2:H$31,"<>"&"") | H4: =IFERROR(G4-F4,"")
A5: JD003 | B5: Data Engineer | C5: 6 | D5: =COUNTIFS('Your Results'!A$2:A$31,A5,'Your Results'!Q$2:Q$31,"Y") | E5: =COUNTIFS('Your Results'!A$2:A$31,A5,'Your Results'!F$2:F$31,"Strong",'Your Results'!P$2:P$31,"<="&2) | F5: =AVERAGEIF('Ground Truth'!A$2:A$31,A5,'Ground Truth'!H$2:H$31) | G5: =AVERAGEIFS('Your Results'!H$2:H$31,'Your Results'!A$2:A$31,A5,'Your Results'!H$2:H$31,"<>"&"") | H5: =IFERROR(G5-F5,"")
A6: JD004 | B6: ServiceNow Engineer | C6: 6 | D6: =COUNTIFS('Your Results'!A$2:A$31,A6,'Your Results'!Q$2:Q$31,"Y") | E6: =COUNTIFS('Your Results'!A$2:A$31,A6,'Your Results'!F$2:F$31,"Strong",'Your Results'!P$2:P$31,"<="&2) | F6: =AVERAGEIF('Ground Truth'!A$2:A$31,A6,'Ground Truth'!H$2:H$31) | G6: =AVERAGEIFS('Your Results'!H$2:H$31,'Your Results'!A$2:A$31,A6,'Your Results'!H$2:H$31,"<>"&"") | H6: =IFERROR(G6-F6,"")
A7: JD005 | B7: DevOps/Cloud Engineer | C7: 6 | D7: =COUNTIFS('Your Results'!A$2:A$31,A7,'Your Results'!Q$2:Q$31,"Y") | E7: =COUNTIFS('Your Results'!A$2:A$31,A7,'Your Results'!F$2:F$31,"Strong",'Your Results'!P$2:P$31,"<="&2) | F7: =AVERAGEIF('Ground Truth'!A$2:A$31,A7,'Ground Truth'!H$2:H$31) | G7: =AVERAGEIFS('Your Results'!H$2:H$31,'Your Results'!A$2:A$31,A7,'Your Results'!H$2:H$31,"<>"&"") | H7: =IFERROR(G7-F7,"")

Sheet Scoring Rubric
A1: Scoring Rubric Reference (max 100 pts)
A2: Category | B2: Max | C2: Scoring Guide
A3: experience | B3: 25 | C3: 25=meets/exceeds required yrs exact domain + impactful bullets | 18=meets yrs but thin OR slightly under with strong detail | 10=2-4yr relevant OR 5+yr adjacent | 4=under 2yr or vague | 0=no relevant exp
A4: technicalSkills | B4: 30 | C4: 28-30=≥80% required skills with demonstrated use | 20-27=50-79% present | 10-19=25-49% present | 1-9=<25% | 0=none. FLOOR: 2+ required skills absent→≤18; 3+ absent→≤12
A5: certifications | B5: 15 | C5: 15=ALL required certs present | 8=some required certs OR strong equivalents | 3=certs exist but none match JD | 0=none. FLOOR: any explicitly required cert absent→≤8
A6: education | B6: 10 | C6: 10=directly relevant degree (CS/IT/Engineering) | 7=related field | 4=any bachelors | 1=no degree/unrelated | 0=not mentioned
A7: location | B7: 10 | C7: 10=explicitly matches JD location | 6=states remote OK or open to relocation | 3=location not stated or no match | 0=explicitly cannot relocate when JD requires on-site. FLOOR: no location match→≤3
A8: domainFit | B8: 10 | C8: 10=entire career in exact industry/platform JD targets | 7=mostly right domain minor detours | 4=partially relevant mixed bg | 1=adjacent domain transferable skills | 0=completely different industry
A10: Score Range | B10: Level | C10: Interpretation
A11: 75-100 | B11: Strong | C11: Most/all requirements met — shortlist immediately
A12: 45-74 | B12: Medium | C12: Core skills present but notable gaps — consider with caveats
A13: 0-44 | B13: Weak | C13: Largely irrelevant background — reject for this role
A15: Hard Floor Rules | C15: Apply BEFORE assigning scores
A16: Experience | C16: Resume yrs < JD required yrs → experience ≤ 18
A17: Tech Skills (2 missing) | C17: 2+ required skills absent → technicalSkills ≤ 18
A18: Tech Skills (3 missing) | C18: 3+ required skills absent → technicalSkills ≤ 12
A19: Certifications | C19: Any explicitly required cert absent → certifications ≤ 8
A20: Location | C20: No location match / not stated → location ≤ 3
