Workbook

Sheet Ranker Evaluation
A1: JD ID | B1: JD Title | C1: Resume ID | D1: Candidate Name | E1: Ground Truth Match Level | F1: Ground Truth Score (1-10) | G1: Key Match Reasons | H1: Your System Score | I1: Your System Rank per JD | J1: Your System Match Level | K1: Match Correct? (Y/N) | L1: Score Diff | M1: Notes
A2: JD001 | B2: Software Engineer | C2: R001 | D2: Arjun Mehta | E2: Strong | F2: 9 | G2: 4yr backend Python/FastAPI, PostgreSQL, Docker, AWS, Redis - exact match. Production scale experience. | L2: =IF(H2="","",IF(J2=E2,"Y","N")) | M2: =IF(H2="","",H2-F2)
A3: JD001 | B3: Software Engineer | C3: R002 | D3: Priya Nair | E3: Strong | F3: 9 | G3: 5yr Java Spring Boot + Python Django, MySQL/PostgreSQL, Docker/AWS, Kafka. Microservices and Agile experience. | L3: =IF(H3="","",IF(J3=E3,"Y","N")) | M3: =IF(H3="","",H3-F3)
A4: JD001 | B4: Software Engineer | C4: R003 | D4: Rohit Sharma | E4: Medium | F4: 5 | G4: Full stack - Node.js backend is relevant but not Python/Java. MongoDB primary DB. Mostly frontend-focused role. | L4: =IF(H4="","",IF(J4=E4,"Y","N")) | M4: =IF(H4="","",H4-F4)
A5: JD001 | B5: Software Engineer | C5: R004 | D5: Sneha Patel | E5: Medium | F5: 5 | G5: Flask Python backend is relevant. Lacks scale and production depth. Mixed full stack background. | L5: =IF(H5="","",IF(J5=E5,"Y","N")) | M5: =IF(H5="","",H5-F5)
A6: JD001 | B6: Software Engineer | C6: R005 | D6: Karan Joshi | E6: Weak | F6: 2 | G6: Android developer. No backend API or server-side development experience. | L6: =IF(H6="","",IF(J6=E6,"Y","N")) | M6: =IF(H6="","",H6-F6)
A7: JD001 | B7: Software Engineer | C7: R006 | D7: Anita Rao | E7: Weak | F7: 1 | G7: QA engineer. Testing background with no backend development skills. | L7: =IF(H7="","",IF(J7=E7,"Y","N")) | M7: =IF(H7="","",H7-F7)
A8: JD002 | B8: AI Engineer | C8: R007 | D8: Vikram Iyer | E8: Strong | F8: 10 | G8: Perfect match: RAG pipelines, LangChain, LLaMA fine-tuning, Pinecone, FAISS, MLflow, SageMaker. Production AI experience. | L8: =IF(H8="","",IF(J8=E8,"Y","N")) | M8: =IF(H8="","",H8-F8)
A9: JD002 | B9: AI Engineer | C9: R008 | D9: Divya Krishnan | E9: Strong | F9: 9 | G9: LLM integration, RAG, prompt engineering, HuggingFace, vector search. Strong NLP and AI production experience. | L9: =IF(H9="","",IF(J9=E9,"Y","N")) | M9: =IF(H9="","",H9-F9)
A10: JD002 | B10: AI Engineer | C10: R009 | D10: Amar Singh | E10: Medium | F10: 5 | G10: Traditional ML strong but LLM/RAG exposure is basic. Transitioning to AI engineering. | L10: =IF(H10="","",IF(J10=E10,"Y","N")) | M10: =IF(H10="","",H10-F10)
A11: JD002 | B11: AI Engineer | C11: R010 | D11: Neha Gupta | E11: Medium | F11: 5 | G11: Research LLM background is relevant but lacks production RAG, vector DB, and LangChain/LlamaIndex hands-on. | L11: =IF(H11="","",IF(J11=E11,"Y","N")) | M11: =IF(H11="","",H11-F11)
A12: JD002 | B12: AI Engineer | C12: R011 | D12: Rajesh Babu | E12: Weak | F12: 1 | G12: Business analyst. No AI engineering or technical skills whatsoever. | L12: =IF(H12="","",IF(J12=E12,"Y","N")) | M12: =IF(H12="","",H12-F12)
A13: JD002 | B13: AI Engineer | C13: R012 | D13: Pooja Menon | E13: Weak | F13: 1 | G13: UX designer. Zero engineering or AI/ML background. | L13: =IF(H13="","",IF(J13=E13,"Y","N")) | M13: =IF(H13="","",H13-F13)
... A31: JD005 | B31: DevOps/Cloud Engineer | C31: R030 | D31: Lakshmi Priya | E31: Weak | F31: 1 | G31: IT project manager. Manages DevOps projects but no hands-on technical skills. | L31: =IF(H31="","",IF(J31=E31,"Y","N")) | M31: =IF(H31="","",H31-F31)

Sheet Summary by JD
A1: Resume Ranker - Results Summary by JD
A2: JD ID | B2: JD Title | C2: Total Resumes | D2: Your Correct Ranks | E2: Precision@2 (Strong) | F2: Avg Score Diff
A3: JD001 | B3: Software Engineer | C3: 6 | D3: =COUNTIFS('Ranker Evaluation'!A:A,A3,'Ranker Evaluation'!K:K,"Y") | E3: =COUNTIFS('Ranker Evaluation'!A:A,A3,'Ranker Evaluation'!E:E,"Strong",'Ranker Evaluation'!I:I,"<="&2) | F3: =AVERAGEIFS('Ranker Evaluation'!L:L,'Ranker Evaluation'!A:A,A3,'Ranker Evaluation'!L:L,"<>"&"")
A4: JD002 | B4: AI Engineer | C4: 6 | D4: =COUNTIFS('Ranker Evaluation'!A:A,A4,'Ranker Evaluation'!K:K,"Y") | E4: =COUNTIFS('Ranker Evaluation'!A:A,A4,'Ranker Evaluation'!E:E,"Strong",'Ranker Evaluation'!I:I,"<="&2) | F4: =AVERAGEIFS('Ranker Evaluation'!L:L,'Ranker Evaluation'!A:A,A4,'Ranker Evaluation'!L:L,"<>"&"")
A5: JD003 | B5: Data Engineer | C5: 6 | D5: =COUNTIFS('Ranker Evaluation'!A:A,A5,'Ranker Evaluation'!K:K,"Y") | E5: =COUNTIFS('Ranker Evaluation'!A:A,A5,'Ranker Evaluation'!E:E,"Strong",'Ranker Evaluation'!I:I,"<="&2) | F5: =AVERAGEIFS('Ranker Evaluation'!L:L,'Ranker Evaluation'!A:A,A5,'Ranker Evaluation'!L:L,"<>"&"")
A6: JD004 | B6: ServiceNow Engineer | C6: 6 | D6: =COUNTIFS('Ranker Evaluation'!A:A,A6,'Ranker Evaluation'!K:K,"Y") | E6: =COUNTIFS('Ranker Evaluation'!A:A,A6,'Ranker Evaluation'!E:E,"Strong",'Ranker Evaluation'!I:I,"<="&2) | F6: =AVERAGEIFS('Ranker Evaluation'!L:L,'Ranker Evaluation'!A:A,A6,'Ranker Evaluation'!L:L,"<>"&"")
A7: JD005 | B7: DevOps/Cloud Engineer | C7: 6 | D7: =COUNTIFS('Ranker Evaluation'!A:A,A7,'Ranker Evaluation'!K:K,"Y") | E7: =COUNTIFS('Ranker Evaluation'!A:A,A7,'Ranker Evaluation'!E:E,"Strong",'Ranker Evaluation'!I:I,"<="&2) | F7: =AVERAGEIFS('Ranker Evaluation'!L:L,'Ranker Evaluation'!A:A,A7,'Ranker Evaluation'!L:L,"<>"&"")

Sheet Legend & Instructions
A1: HOW TO USE THIS TRACKER
A2: Sheet | B2: Description
A3: Ranker Evaluation | B3: Main sheet - fill in YOUR SYSTEM columns H, I, J for each resume
A4: Summary by JD | B4: Auto-calculated accuracy metrics per JD once you fill in your scores
A6: Column | B6: What to fill in
A7: H - Your System Score | B7: The similarity/relevance score your ranker outputs (any scale, e.g. 0-1 or 0-10)
A8: I - Your System Rank | B8: Rank position assigned by your ranker for this JD (1=best match, 6=worst)
A9: J - Your System Match Level | B9: Your ranker's classification: Strong / Medium / Weak
A10: K - Match Correct? | B10: Auto-calculated: Y if your match level = ground truth match level
A11: L - Score Diff | B11: Auto-calculated: your score minus ground truth score (shows over/under scoring)
A13: Match Level | B13: Meaning
A14: Strong (green) | B14: Score 8-10: Candidate clearly qualifies, most required skills present
A15: Medium (yellow) | B15: Score 4-6: Partial match, adjacent skills, would need upskilling
A16: Weak (red) | B16: Score 1-2: Wrong domain or no relevant skills
A18: Evaluation Tips
A19: Precision@2 | B19: Did your ranker put both Strong resumes in top 2 positions for each JD?
A20: Avg Score Diff | B20: Close to 0 = well-calibrated scoring. Positive = over-scoring, Negative = under-scoring
A21: Goal | B21: Aim for 100% Correct Match Level and all Strong resumes ranked 1-2
